{"Global_active_power": {"MSE": 0.081184073698986, "RMSE": 0.2849281904252122, "MAE": 0.14271520173904456}, "Global_reactive_power": {"MSE": 0.0019249570642531056, "RMSE": 0.04387433263598554, "MAE": 0.030459788656174134}, "total_submetering": {"MSE": 1.9948338710103, "RMSE": 1.4123858789333388, "MAE": 0.7321959927206575}, "unknown_power": {"MSE": 21.802408178625225, "RMSE": 4.669304892446543, "MAE": 2.3197459655665256}, "power_factor": {"MSE": 0.0011452870950307782, "RMSE": 0.033842090583041384, "MAE": 0.022015315467297476}, "active_power_change": {"MSE": 0.06975368236546274, "RMSE": 0.26410922430968353, "MAE": 0.12286883163242147}, "hour": {"MSE": 2.2394072587074723, "RMSE": 1.4964649206404648, "MAE": 1.1470029493688538}, "is_weekend": {"MSE": 0.0009479840776490243, "RMSE": 0.03078935006863614, "MAE": 0.01936883120313087}, "Global_active_power_24h_avg": {"MSE": 0.02529912027285037, "RMSE": 0.1590569717832273, "MAE": 0.1099103914520698}, "Global_active_power_24h_std": {"MSE": 0.004674854900759623, "RMSE": 0.06837291057692091, "MAE": 0.0484058280490566}}